Program Name,City,Country,Region,Brochure,Active
Aalto University (Simon),Helsinki,Finland,Europe,view program brochure,No
Absolute Internship,Multiple,Multiple,Multiple,view program brochure,Yes
Star iconAbsolute Internship (Virtual Program),Rochester,United States,North America,view program brochure,Yes
Advanced Studies in England,Bath,United Kingdom,Europe,view program brochure,Yes
Star iconAIT Budapest (Virtual Program),Rochester,United States,North America,view program brochure,No
AIT Budapest Program in Computer Science & Software Engineering,Budapest,Hungary,Europe,view program brochure,Yes
Star iconAmerican University in Cairo (Exchange),Cairo,Egypt,Africa,view program brochure,Yes
Star iconAncient Rome in Context,Rome,Italy,Europe,view program brochure,Yes
Antai College (Simon),Shanghai,China,Asia,view program brochure,No
Star iconArcadia Univ Global Studies (Virtual Program),Rochester,United States,North America,view program brochure,No
"Star iconArchaeological Research Program at Chavin de Huantar, Peru (Faculty Led)",Chavin de Huantar,Peru,South America,view program brochure,No
,Lima,Peru,South America,,
Star iconArchaeology Field School in Smiths Island (Faculty Led),Smith's Island,Bermuda,North America,view program brochure,No
Star iconArchaeology in Italy: Monteleone Sabino Archaeological Field School (Faculty Led),Monteleone Sabino,Italy,Europe,view program brochure,No
,Rome,Italy,Europe,,
Star iconArezzo: Lisio Italian Studies Program (Faculty Led),Arezzo,Italy,Europe,view program brochure,No
ASE SUMMER SCHOOL,Bath,United Kingdom,Europe,view program brochure,Yes
"Star iconATHENS: ANCIENT CITY, MODERN CAPITAL (Faculty Led)",Athens,Greece,Europe,view program brochure,No
Star iconAustralian National University - ANU (Exchange),Canberra,Australia,Australia/Pacific Islands,view program brochure,Yes
Ben Gurion University,Beer Sheva,Israel,Middle East,view program brochure,No
Star iconBermuda Fieldwork Experience,Smith's Island,Bermuda,North America,view program brochure,No
BI Norwegian Business School (Simon),Sandvika,Norway,Europe,view program brochure,No
Star iconBirmingham City University (Exchange),Birmingham,United Kingdom,Europe,view program brochure,Yes
Star iconBlack Paris in Paris (Faculty Led),Paris,France,Europe,view program brochure,No
BPP 442X: India Immersion (Simon),New Delhi,India,Asia,view program brochure,No
,Jaipur,India,Asia,,
,Mumbai,India,Asia,,
Braude College (Exchange),Karmiel,Israel,Middle East,view program brochure,No
BRN 477X: Economies in Transition (Simon),Pingyao,China,Asia,view program brochure,No
,Beijing,China,Asia,,
,Shanghai,China,Asia,,
,Xi'an,China,Asia,,
Budapest Semesters in Mathematics,Budapest,Hungary,Europe,view program brochure,Yes
Star iconCAPA The Global Education Network (Virtual Program),Rochester,United States,North America,view program brochure,No
Star iconCAPA The Global Education Network (Virtual),Rochester,United States,North America,view program brochure,No
Star iconCentennial Program in Poppi (Faculty Led),Poppi,Italy,Europe,view program brochure,No
Star iconChinese University of Hong Kong (Exchange),Hong Kong,China,Asia,view program brochure,Yes
Chinese University of Hong Kong - International Summer School,Hong Kong,China,Asia,view program brochure,Yes
Star iconChinese University of Hong Kong - Shenzhen (CUHKSZ),Shenzhen,China,Asia,view program brochure,No
"CIEE Advanced Arabic Language Program in Amman, Jordan",Amman,Jordan,Middle East,view program brochure,No
"CIEE Advanced Chinese Studies Program in Beijing, China",Beijing,China,Asia,view program brochure,No
"CIEE Advanced Liberal Arts Program in Seville, Spain",Sevilla,Spain,Europe,view program brochure,No
"CIEE Arts and Sciences Program in Gaborone, Botswana",Gaborone,Botswana,Africa,view program brochure,No
"CIEE Arts and Sciences Program in Legon, Ghana",Legon,Ghana,Africa,view program brochure,No
"CIEE Business + European Studies Program in Budapest, Hungary",Budapest,Hungary,Europe,view program brochure,No
"CIEE Business, Arts + Sciences in Prague, Czech Republic",Prague,Czech Republic,Europe,view program brochure,Yes
"CIEE Business, Development, and Social Entrepreneurship Program in Legon, Ghana",Legon,Ghana,Africa,view program brochure,No
"CIEE Business, Engineering, Arts and Sciences Program in Sharjah, United Arab Emirates",Sharjah,United Arab Emirates,Middle East,view program brochure,No
"CIEE Central European Studies Program in Prague, Czech Republic",Prague,Czech Republic,Europe,view program brochure,Yes
"CIEE Central European Studies Program in Warsaw, Poland",Warsaw,Poland,Europe,view program brochure,No
"CIEE Chinese Language and Society Program in Beijing, China",Beijing,China,Asia,view program brochure,No
"CIEE Classical Studies Program in Naples, Italy",Naples,Italy,Europe,view program brochure,No
"CIEE Communication, New Media, and Journalism Program in Prague, Czech Republic",Prague,Czech Republic,Europe,view program brochure,No
"CIEE Communications, Business, and Political Economy Program in Taipei, Taiwan",Taipei,Taiwan,Asia,view program brochure,No
"CIEE Community Public Health Program in Gaborone, Botswana",Gaborone,Botswana,Africa,view program brochure,No
"CIEE Community Public Health Program in Khon Kaen, Thailand",Khon Kaen,Thailand,Asia,view program brochure,No
"CIEE Contemporary French Studies Program in Paris, France",Paris,France,Europe,view program brochure,No
"CIEE Development and Globalization Program in Khon Kaen, Thailand",Khon Kaen,Thailand,Asia,view program brochure,No
"CIEE Development Studies Program in Dakar, Senegal",Dakar,Senegal,Africa,view program brochure,No
"CIEE Diplomacy and Policy Studies Program in Amman, Jordan",Amman,Jordan,Middle East,view program brochure,No
"CIEE Film Studies Program in Prague, Czech Republic",Prague,Czech Republic,Europe,view program brochure,No
"CIEE French and Critical Studies in Paris, France",Paris,France,Europe,view program brochure,No
"CIEE Intensive Chinese Language + Culture Program in Nanjing, China",Nanjing,China,Asia,view program brochure,No
"CIEE Intensive Chinese Language and Culture Program in Taipei, Taiwan",Taipei,Taiwan,Asia,view program brochure,No
"CIEE Intensive Chinese Language Program in Beijing, China",Beijing,China,Asia,view program brochure,No
"CIEE Language and Culture Program in Amman, Jordan",Amman,Jordan,Middle East,view program brochure,No
"CIEE Language and Culture Program in Dakar, Senegal",Dakar,Senegal,Africa,view program brochure,No
"CIEE Liberal Arts Program in Naples, Italy",Naples,Italy,Europe,view program brochure,No
"CIEE Liberal Arts Program in Santiago, Dominican Republic",Santiago de los Caballeros,Dominican Republic,Latin America,view program brochure,No
"CIEE Middle East Studies in Amman, Jordan",Amman,Jordan,Middle East,view program brochure,Yes
CIEE Open Campus Block Program in Buenos Aires,Buenos Aires,Argentina,South America,view program brochure,No
CIEE Open Campus Block Program in Paris,Paris,France,Europe,view program brochure,No
CIEE Open Campus Block Program in Santiago,Santiago,Chile,South America,view program brochure,No
"CIEE Russian Area Studies Program in St. Petersburg, Russia",St Petersburg,Russia,Europe,view program brochure,No
"CIEE Russian Language + European Studies in Tallinn, Estonia",Tallinn,Estonia,Europe,view program brochure,Yes
"CIEE Russian Language Program in St. Petersburg, Russia",St Petersburg,Russia,Europe,view program brochure,No
"CIEE Semester in Madrid, Spain",Madrid,Spain,Europe,view program brochure,No
CIEE Semester Program,Multiple,Multiple,Multiple,view program brochure,No
"CIEE Summer Accelerated Chinese Language Program in Shanghai, China",Shanghai,China,Asia,view program brochure,No
"CIEE Summer Business + Culture in Barcelona, Spain",Barcelona,Spain,Europe,view program brochure,No
"CIEE Summer Business and Communications Program in Amsterdam, Netherlands",Amsterdam,Netherlands,Europe,view program brochure,No
"CIEE Summer Central European Studies in Prague, Czech Republic",Prague,Czech Republic,Europe,view program brochure,Yes
"CIEE Summer Communications, New Media + Journalism in Prague, Czech Republic",Prague,Czech Republic,Europe,view program brochure,No
"CIEE Summer Global Internship in Amman, Jordan",Amman,Jordan,Middle East,view program brochure,Yes
CIEE Summer Global Internship in Barcelona,Barcelona,Spain,Europe,view program brochure,No
"CIEE Summer Global Internship in Tokyo, Japan",Tokyo,Japan,Asia,view program brochure,No
"CIEE Summer Global Internship Program in Cape Town, South Africa",Cape Town,South Africa,Africa,view program brochure,No
"CIEE Summer Global Internship Program in Prague, Czech Republic",Prague,Czech Republic,Europe,view program brochure,Yes
CIEE SUMMER IN COPENHAGEN,Copenhagen,Denmark,Europe,view program brochure,No
CIEE Summer in Lisbon,Lisbon,Portugal,Europe,view program brochure,No
CIEE Summer in Toulouse,Toulouse,France,Europe,view program brochure,No
"CIEE Summer Intensive Chinese Language in Beijing, China",Beijing,China,Asia,view program brochure,No
"CIEE Summer Intensive Spanish Language in Alicante, Spain",Alicante,Spain,Europe,view program brochure,No
"CIEE Summer Language and Culture Program in Barcelona, Spain",Barcelona,Spain,Europe,view program brochure,No
"CIEE Summer Language and Culture Program in Seville, Spain",Sevilla,Spain,Europe,view program brochure,No
"CIEE Summer Middle East Studies Program in Amman, Jordan",Amman,Jordan,Middle East,view program brochure,Yes
CIEE Summer Program,Multiple,Multiple,Multiple,view program brochure,No
"CIEE Summer Psychology in Prague, Czech Republic",Prague,Czech Republic,Europe,view program brochure,No
"CIEE Sustainable Development in Beijing, China",Beijing,China,Asia,view program brochure,No
CIS Abroad Semester in Barcelona - Universitat Autonoma de Barcelona,Barcelona,Spain,Europe,view program brochure,Yes
CIS Abroad Semester in Florence - Florence University of the Arts,Florence,Italy,Europe,view program brochure,No
CIS Abroad Semester in Newcastle - University of Newcastle,Newcastle,Australia,Australia/Pacific Islands,view program brochure,No
CIS Abroad Semester in Seoul - Sogang University,Seoul,South Korea,Asia,view program brochure,No
CIS Abroad Semester in Thailand - Mahidol University,Bangkok,Thailand,Asia,view program brochure,No
CIS Abroad Summer on the Italian Coast,Sorrento,Italy,Europe,view program brochure,No
City St. George's University of London,London,United Kingdom,Europe,view program brochure,Yes
Star iconCity University of Hong Kong (GE3 - Engineering),Hong Kong,China,Asia,view program brochure,Yes
"Star iconClimate Change, Migration, and Biocultural Heritage of West Africa",Accra,Ghana,Africa,view program brochure,No
College Year in Athens - Semester and Academic Year Program,Athens,Greece,Europe,view program brochure,Yes
Star iconCollege Year in Athens (Virtual Program),Rochester,United States,North America,view program brochure,No
College Year in Athens-Summer Program,Athens,Greece,Europe,view program brochure,Yes
,Copenhagen,Denmark,Europe,,
,Rome,Italy,Europe,,
,Stockholm,Sweden,Europe,,
,Thessaloniki,Greece,Europe,,
Star iconCologne (half year) (Exchange),Cologne,Germany,Europe,view program brochure,No
Star iconCologne Fellowship Year (Exchange),Cologne,Germany,Europe,view program brochure,No
Computer Science Games (Undergraduate Council),Montreal,Canada,North America,view program brochure,No
Star iconConversational Japanese in Tokyo,Tokyo,Japan,Asia,view program brochure,Yes
Star iconCSP 365 Competence and Motivation in Developing Countries (Faculty Led),Borgne,Haiti,Caribbean,view program brochure,No
Star iconDigital Archaeology of Heritage Buildings of West Africa (DAHBWA) (Faculty Led),Legon,Ghana,Africa,view program brochure,No
"DIS - Study Abroad in Copenhagen, Denmark",Copenhagen,Denmark,Europe,view program brochure,Yes
"DIS - Study Abroad in Stockholm, Sweden",Stockholm,Sweden,Europe,view program brochure,Yes
"DIS - Study Urban Design in Copenhagen, Denmark",Copenhagen,Denmark,Europe,view program brochure,No
DIS Copenhagen - Architecture & Design,Copenhagen,Denmark,Europe,view program brochure,No
DIS Copenhagen - Art & Visual Culture,Copenhagen,Denmark,Europe,view program brochure,No
DIS Copenhagen - Biomedicine,Copenhagen,Denmark,Europe,view program brochure,No
DIS Copenhagen - Business,Copenhagen,Denmark,Europe,view program brochure,No
DIS Copenhagen - Child Development & Diversity,Copenhagen,Denmark,Europe,view program brochure,No
DIS Copenhagen - Communication,Copenhagen,Denmark,Europe,view program brochure,No
DIS Copenhagen - Computer Science,Copenhagen,Denmark,Europe,view program brochure,No
DIS Copenhagen - Economics,Copenhagen,Denmark,Europe,view program brochure,No
DIS Copenhagen - Environmental Science of the Arctic,Copenhagen,Denmark,Europe,view program brochure,No
DIS Copenhagen - European Politics,Copenhagen,Denmark,Europe,view program brochure,No
DIS Copenhagen - Graphic Design,Copenhagen,Denmark,Europe,view program brochure,No
DIS Copenhagen - History,Copenhagen,Denmark,Europe,view program brochure,No
DIS Copenhagen - Innovation & Entrepreneurship,Copenhagen,Denmark,Europe,view program brochure,No
DIS Copenhagen - Justice & Human Rights,Copenhagen,Denmark,Europe,view program brochure,No
DIS Copenhagen - Literature,Copenhagen,Denmark,Europe,view program brochure,No
DIS Copenhagen - Medical Practice & Policy,Copenhagen,Denmark,Europe,view program brochure,No
DIS Copenhagen - Neuroscience,Copenhagen,Denmark,Europe,view program brochure,No
DIS Copenhagen - Philosophy,Copenhagen,Denmark,Europe,view program brochure,No
DIS Copenhagen - Prostitution & the Sex Trade,Copenhagen,Denmark,Europe,view program brochure,No
DIS Copenhagen - Psychology,Copenhagen,Denmark,Europe,view program brochure,No
DIS Copenhagen - Public Health,Copenhagen,Denmark,Europe,view program brochure,No
DIS Copenhagen - Sociology,Copenhagen,Denmark,Europe,view program brochure,No
DIS Copenhagen - Summer Courses,Copenhagen,Denmark,Europe,view program brochure,Yes
DIS Copenhagen - Sustainability,Copenhagen,Denmark,Europe,view program brochure,No
DIS Copenhagen - Terrorism & Security,Copenhagen,Denmark,Europe,view program brochure,No
DIS Copenhagen - Urban Studies,Copenhagen,Denmark,Europe,view program brochure,No
DIS Stockholm - Economics,Stockholm,Sweden,Europe,view program brochure,No
DIS Stockholm - Gender & Sexuality Studies,Stockholm,Sweden,Europe,view program brochure,No
DIS Stockholm - Literature,Stockholm,Sweden,Europe,view program brochure,No
DIS Stockholm - Medical Practice & Policy,Stockholm,Sweden,Europe,view program brochure,No
DIS Stockholm - Neuroscience,Stockholm,Sweden,Europe,view program brochure,No
DIS Stockholm - Psychology,Stockholm,Sweden,Europe,view program brochure,No
DIS Stockholm - Public Health,Stockholm,Sweden,Europe,view program brochure,No
DIS Stockholm - Summer Courses,Stockholm,Sweden,Europe,view program brochure,Yes
DIS Stockholm - Terrorism & Security,Stockholm,Sweden,Europe,view program brochure,No
"DISCONTINUED: DIS - Study European Humanities in Copenhagen, Denmark",Copenhagen,Denmark,Europe,view program brochure,No
"DISCONTINUED: DIS - Study Interior Architecture in Copenhagen, Denmark",Copenhagen,Denmark,Europe,view program brochure,No
Star iconDTU - Technical University of Denmark (GE3 - Engineering),Lyngby,Denmark,Europe,view program brochure,Yes
"Star iconEcuador and Quito: The New Millenium UR Spanish Immersion Program in Quito, Ecuador (Faculty Led)",Quito,Ecuador,South America,view program brochure,No
Star iconEESC 257/457 Sudbury Basin Field Experience,Greater Sudbury,Canada,North America,view program brochure,No
EESC Summer Field Experience,Johannesburg,South Africa,Africa,view program brochure,No
Engineers without Borders (EWB),Santo Domingo,Dominican Republic,Central America,view program brochure,No
,Don Juan,Dominican Republic,Latin America,,
ENT 442X: International Business Practicum (Simon),Jerusalem,Israel,Middle East,view program brochure,No
,Tel Aviv,Israel,Middle East,,
EPA Internships in Europe: Berlin Semester Program,Berlin,Germany,Europe,view program brochure,No
EPA Internships in Europe: Bonn Semester Program,Bonn,Germany,Europe,view program brochure,No
EPA Internships in Europe: Bonn Summer Program,Bonn,Germany,Europe,view program brochure,No
EPA Internships in Europe: Brussels Semester Program,Brussels,Belgium,Europe,view program brochure,No
EPA Internships in Europe: Brussels Summer Program,Brussels,Belgium,Europe,view program brochure,No
EPA Internships in Europe: Edinburgh Semester Program,Edinburgh,United Kingdom,Europe,view program brochure,No
EPA Internships in Europe: Edinburgh Summer Program,Edinburgh,United Kingdom,Europe,view program brochure,No
EPA Internships in Europe: London Semester Program,London,United Kingdom,Europe,view program brochure,No
EPA Internships in Europe: London Summer Program,London,United Kingdom,Europe,view program brochure,No
EPA Internships in Europe: Madrid Semester Program,Madrid,Spain,Europe,view program brochure,No
Star iconEPA Internships in Europe: Summer Virtual Internship,Rochester,United States,North America,view program brochure,No
ESM - Arts Leadership Program international internship,Multiple,Multiple,Multiple,view program brochure,No
ESM - Bassoons in China (summer 2019),Hong Kong,Hong Kong,Asia,view program brochure,No
,Shenzhen,China,Asia,,
,Guangzhou,China,Asia,,
,Shanghai,China,Asia,,
,Beijing,China,Asia,,
ESM - Broadband (summer 2017),Maccagno,Italy,Europe,view program brochure,No
ESM - Central Conservatory of Music,Beijing,China,Asia,view program brochure,Yes
ESM - China Conservatory of Music,Beijing,China,Asia,view program brochure,Yes
ESM - Conservatoire National Supérieur de Musique et de Danse de Paris,Paris,France,Europe,view program brochure,Yes
ESM - Cuban American Youth Orchestra,Havana,Cuba,West Indies,view program brochure,No
ESM - Eastman Percussion Group (summer 2018),Beijing,China,Asia,view program brochure,No
ESM - Eastman Wind Ensemble (summer 2017),Niagara Falls,Canada,North America,view program brochure,No
ESM - ESP tour (summer 2016),Beijing,China,Asia,view program brochure,No
,Jinan,China,Asia,,
,Ningbo,China,Asia,,
,Shanghai,China,Asia,,
ESM - Friends of Eastman Opera summer travel,Multiple,Multiple,Multiple,view program brochure,No
ESM - Harmonie Ensemble (summer 2016),Bayreuth,Germany,Europe,view program brochure,No
,Munich,Germany,Europe,,
,Pilsen,Czech Republic,Europe,,
,Prague,Czech Republic,Europe,,
,Salzburg,Austria,Europe,,
,Vienna,Austria,Europe,,
,Würzburg,Germany,Europe,,
ESM - Hochschule für Musik Freiburg,Freiburg,Germany,Europe,view program brochure,Yes
ESM - Hochschule für Musik Würzburg,Würzburg,Germany,Europe,view program brochure,Yes
ESM - Mahidol College of Music,Bangkok,Thailand,Asia,view program brochure,Yes
ESM - Professional Development Committee international funding,Multiple,Multiple,Multiple,view program brochure,No
ESM - Royal Birmingham Conservatoire,Birmingham,United Kingdom,Europe,view program brochure,Yes
ESM - Royal College of Music,London,United Kingdom,Europe,view program brochure,Yes
ESM - Royal Northern College of Music,Manchester,United Kingdom,Europe,view program brochure,No
ESM - Sibelius Academy,Helsinki,Finland,Europe,view program brochure,Yes
ESM - TH 402A in Paris,Paris,France,Europe,view program brochure,No
ESM - The Royal Danish Academy of Music,Copenhagen,Denmark,Europe,view program brochure,Yes
ESM - Universität für Musik und darstellende Kunst Wien,Vienna,Austria,Europe,view program brochure,Yes
ESM Jazz in Tokyo (summer 2017),Tokyo,Japan,Asia,view program brochure,No
Star iconEthnic Diversity in Contemporary China (Faculty Led),Guangzhou,China,Asia,view program brochure,No
,Dali,China,Asia,,
,Lijiang,China,Asia,,
Star iconExperience Guinea: Exploration in Drumming Dance and Historical Context (Faculty Led),Dubreka,Guinea,Africa,view program brochure,No
FETCH4 - Research and Service Learning in Barbados,Bridgetown,Barbados,Latin America,view program brochure,No
Field Hockey Sporting and Cultural Trip,San Jose,Costa Rica,Central America,view program brochure,No
FIN 442X: International Finance with Switzerland Immersion (Simon),Bern,Switzerland,Europe,view program brochure,No
,Thun,Switzerland,Europe,,
,Basel,Switzerland,Europe,,
Florence: Lisio Italian Studies,Florence,Italy,Europe,view program brochure,Yes
Star iconFrench in France (Faculty Led),Rennes,France,Europe,view program brochure,Yes
Star iconFrench Sign Language Summer (Faculty Led),Paris,France,Europe,view program brochure,No
GBA 442X: Doing Business in South Africa (Simon),Johannesburg,South Africa,Africa,view program brochure,No
,Cape Town,South Africa,Africa,,
,Durban,South Africa,Africa,,
GBA 443X: Singapore Immersion (Simon),Singapore,Singapore,Asia,view program brochure,No
Star iconGerman in Germany (Faculty Led),Berlin,Germany,Europe,view program brochure,Yes
GlobeMed GROW,Odisha,India,Asia,view program brochure,No
Star iconGreece: Myths and Rituals,Athens,Greece,Europe,view program brochure,No
Greene Center Internship Abroad,Multiple,Multiple,Multiple,view program brochure,Yes
Star iconHamburg University of Applied Sciences (GE3 - Engineering),Hamburg,Germany,Europe,view program brochure,No
Star iconHanyang University (GE3 - Engineering),Seoul,South Korea,Asia,view program brochure,Yes
Star iconHealth in Mountain Communities: India (Faculty Led),Ladakh,India,Asia,view program brochure,No
,Delhi,India,Asia,,
Star iconHealth in Mountain Communities: Italy (Faculty Led),Venice,Italy,Europe,view program brochure,No
,Borca di Cadora,Italy,Europe,,
Star iconHIS 280: Archaeology of Early America (Faculty Led),Trunk Island,Bermuda,North America,view program brochure,No
Star iconHM Hochschule München University of Applied Sciences (GE3 - Engineering),Munich,Germany,Europe,view program brochure,No
Star iconHong Kong Polytechnic University (GE3 - Engineering),Hong Kong,China,Asia,view program brochure,Yes
Star iconHong Kong University of Science and Technology (Exchange),Hong Kong,China,Asia,view program brochure,No
Hultz Prize,Lisbon,Portugal,Europe,view program brochure,No
Star iconIAU Virtual Summer Program (Virtual Program),Rochester,United States,North America,view program brochure,No
Star iconIES Abroad (Virtual Program),Rochester,United States,North America,view program brochure,No
IES Abroad Amsterdam - Business & Economics,Amsterdam,Netherlands,Europe,view program brochure,No
IES Abroad Amsterdam - Law & Criminology,Amsterdam,Netherlands,Europe,view program brochure,No
IES Abroad Amsterdam - Psychology & Sciences,Amsterdam,Netherlands,Europe,view program brochure,Yes
IES Abroad Amsterdam - Social Sciences & Humanities,Amsterdam,Netherlands,Europe,view program brochure,Yes
IES Abroad Amsterdam Direct Enrollment - Conservatorium van Amsterdam,Amsterdam,Netherlands,Europe,view program brochure,No
IES Abroad Amsterdam Direct Enrollment - Gerrit Rietveld Academie,Amsterdam,Netherlands,Europe,view program brochure,No
"IES Abroad Amsterdam Summer - Society, Culture & Gender in Amsterdam",Amsterdam,Netherlands,Europe,view program brochure,No
IES Abroad Arles Summer – Study in Provence,Arles,France,Europe,view program brochure,No
IES Abroad Auckland Direct Enrollment - University of Auckland,Auckland,New Zealand,Australia/Pacific Islands,view program brochure,Yes
IES Abroad Barcelona - Advanced Spanish Studies,Barcelona,Spain,Europe,view program brochure,No
IES Abroad Barcelona - Arts & Culture,Barcelona,Spain,Europe,view program brochure,No
IES Abroad Barcelona – Engineering,Barcelona,Spain,Europe,view program brochure,Yes
IES Abroad Barcelona - Liberal Arts & Business,Barcelona,Spain,Europe,view program brochure,No
IES Abroad Barcelona - Political Science & International Relations,Barcelona,Spain,Europe,view program brochure,No
IES Abroad Barcelona Summer - Internship,Barcelona,Spain,Europe,view program brochure,No
IES Abroad Barcelona Summer - Language & Area Studies,Barcelona,Spain,Europe,view program brochure,No
IES Abroad Beijing - Contemporary China & Chinese Language,Beijing,China,Asia,view program brochure,No
IES Abroad Beijing - Language Intensive,Beijing,China,Asia,view program brochure,No
"IES Abroad Berlin - Language, Culture & Politics",Berlin,Germany,Europe,view program brochure,Yes
IES Abroad Berlin - Metropolitan & Urban Studies,Berlin,Germany,Europe,view program brochure,No
IES Abroad Berlin - Security Studies & International Affairs,Berlin,Germany,Europe,view program brochure,No
IES Abroad Berlin Summer - Language & Culture,Berlin,Germany,Europe,view program brochure,No
IES Abroad Buenos Aires - Advanced Spanish Immersion,Buenos Aires,Argentina,South America,view program brochure,No
IES Abroad Buenos Aires – Latin American Societies & Cultures,Buenos Aires,Argentina,South America,view program brochure,Yes
IES Abroad Buenos Aires Summer - Language & Argentine Studies,Buenos Aires,Argentina,South America,view program brochure,No
IES Abroad Cape Town – Engineering & Science,Cape Town,South Africa,Africa,view program brochure,Yes
"IES Abroad Cape Town - Health, Culture & Development",Cape Town,South Africa,Africa,view program brochure,No
IES Abroad Cape Town - University of Cape Town,Cape Town,South Africa,Africa,view program brochure,Yes
IES Abroad Cape Town Direct Enrollment - University Of The Western Cape,Cape Town,South Africa,Africa,view program brochure,No
IES Abroad Cape Town Summer - Health Studies,Cape Town,South Africa,Africa,view program brochure,No
IES Abroad Christchurch Direct Enrollment - University Of Canterbury,Christchurch,New Zealand,Australia/Pacific Islands,view program brochure,No
IES Abroad Delhi - Study in Delhi,Delhi,India,Asia,view program brochure,No
"IES Abroad Dublin - Business, Entrepreneurship & Technology",Dublin,Ireland,Europe,view program brochure,No
IES Abroad Dublin – Engineering,Dublin,Ireland,Europe,view program brochure,No
IES Abroad Dublin - Irish Studies,Dublin,Ireland,Europe,view program brochure,No
IES Abroad Dublin Direct Enrollment - Dublin City University,Dublin,Ireland,Europe,view program brochure,No
IES Abroad Dublin Direct Enrollment - National Theatre School of Ireland â?? Gaiety School of Acting,Dublin,Ireland,Europe,view program brochure,No
IES Abroad Dublin Direct Enrollment - Trinity College,Dublin,Ireland,Europe,view program brochure,Yes
IES Abroad Dublin Summer - Internship,Dublin,Ireland,Europe,view program brochure,Yes
IES Abroad Dublin Summer - Irish Studies,Dublin,Ireland,Europe,view program brochure,No
IES Abroad Freiburg - Environmental Studies & Sustainability,Freiburg,Germany,Europe,view program brochure,Yes
"IES Abroad Freiburg - European Union: Politics, Law & Economics",Freiburg,Germany,Europe,view program brochure,Yes
IES Abroad Freiburg - Language & Area Studies,Freiburg,Germany,Europe,view program brochure,Yes
IES Abroad Freiburg Summer - European Union: Politics & Economics,Freiburg,Germany,Europe,view program brochure,Yes
IES Abroad Galapagos Islands Direct Enrollment - GAIAS,Galapagos,Ecuador,South America,view program brochure,No
IES Abroad Granada - Study in Granada,Granada,Spain,Europe,view program brochure,Yes
IES Abroad Granada Summer - Sustainable Development & Equitable Living Across Borders: Spain & Morocco,Granada,Spain,Europe,view program brochure,No
,Rabat,Morocco,Africa,,
IES Abroad Istanbul - Gateway to the Middle East & the Islamic World,Istanbul,Turkey,Middle East,view program brochure,No
IES Abroad Istanbul Direct Enrollment - Bogazici University,Istanbul,Turkey,Middle East,view program brochure,No
IES Abroad Istanbul Direct Enrollment - Sabanci University,Istanbul,Turkey,Middle East,view program brochure,No
IES Abroad Kunming - Regional Development in China & Southeast Asia,Kunming,China,Asia,view program brochure,No
IES Abroad London - Health Practice & Policy,London,United Kingdom,Europe,view program brochure,Yes
IES Abroad London - Social Sciences & Sustainability,London,United Kingdom,Europe,view program brochure,No
IES Abroad London - Study London,London,United Kingdom,Europe,view program brochure,Yes
IES Abroad London - Theater Studies,London,United Kingdom,Europe,view program brochure,No
"IES Abroad London Direct Enrollment – City, University of London",London,United Kingdom,Europe,view program brochure,No
IES Abroad London Direct Enrollment - Courtauld Institute of Art,London,United Kingdom,Europe,view program brochure,No
IES Abroad London Direct Enrollment - Mountview Academy of Theater Arts,London,United Kingdom,Europe,view program brochure,No
"IES Abroad London Direct Enrollment – Queen Mary, University of London",London,United Kingdom,Europe,view program brochure,No
IES Abroad London Direct Enrollment - School of Oriental & African Studies,London,United Kingdom,Europe,view program brochure,No
IES Abroad London Direct Enrollment - Slade School of Fine Art,London,United Kingdom,Europe,view program brochure,No
IES Abroad London Direct Enrollment - University College London,London,United Kingdom,Europe,view program brochure,Yes
IES Abroad London Summer - UK Today,London,United Kingdom,Europe,view program brochure,No
"IES Abroad Madrid – Business, Economics & Social Sciences",Madrid,Spain,Europe,view program brochure,Yes
"IES Abroad Madrid – Engineering, Math & Science",Madrid,Spain,Europe,view program brochure,Yes
IES Abroad Madrid - Language & Area Studies,Madrid,Spain,Europe,view program brochure,Yes
IES Abroad Madrid Summer,Madrid,Spain,Europe,view program brochure,No
IES Abroad Milan - Business Studies,Milan,Italy,Europe,view program brochure,Yes
IES Abroad Milan - Italy Today,Milan,Italy,Europe,view program brochure,No
"IES Abroad Milan – Music: Voice, Composition & Instrumental",Milan,Italy,Europe,view program brochure,No
IES Abroad Multi-Location – Emerging Economies: Buenos Aires & Santiago,Buenos Aires,Argentina,South America,view program brochure,No
,Santiago,Chile,South America,,
"IES Abroad Multi-Location – Museums & Beyond: Art & Culture in Paris, Rome & Madrid",Paris,France,Europe,view program brochure,No
,Rome,Italy,Europe,,
IES Abroad Nagoya Direct Enrollment - Nanzan University,Nagoya,Japan,Asia,view program brochure,Yes
IES Abroad Nagoya Summer - Language & Culture,Nagoya,Japan,Asia,view program brochure,No
IES Abroad Nantes - French Language Immersion & Area Studies,Nantes,France,Europe,view program brochure,No
"IES Abroad Nice – Business, Sustainability & Immigration",Nice,France,Europe,view program brochure,No
IES Abroad Nice Direct Enrollment – SKEMA Business School,Nice,France,Europe,view program brochure,No
IES Abroad Nice Direct Enrollment - Universite Nice Sophia Antipolis,Nice,France,Europe,view program brochure,No
IES Abroad Oxford Direct Enrollment - St. Catherine's College,Oxford,United Kingdom,Europe,view program brochure,Yes
IES Abroad Paris - Business & International Affairs,Paris,France,Europe,view program brochure,Yes
IES Abroad Paris - French Studies,Paris,France,Europe,view program brochure,Yes
IES Abroad Quito - Area Studies & Language,Quito,Ecuador,South America,view program brochure,No
IES Abroad Quito Direct Enrollment - Universidad San Francisco de Quito,Quito,Ecuador,South America,view program brochure,No
IES Abroad Quito Summer – Environmental Studies,Quito,Ecuador,South America,view program brochure,No
IES Abroad Rabat - Study in Rabat,Rabat,Morocco,Africa,view program brochure,No
IES Abroad Rio de Janeiro - Study Brazil,Rio de Janeiro,Brazil,South America,view program brochure,No
IES Abroad Rome - International Relations,Rome,Italy,Europe,view program brochure,No
IES Abroad Rome - Language & Area Studies,Rome,Italy,Europe,view program brochure,Yes
IES Abroad Rome Summer - Fashion Studies,Rome,Italy,Europe,view program brochure,No
IES Abroad Salamanca – Language & Area Studies,Salamanca,Spain,Europe,view program brochure,No
IES Abroad Salamanca Summer – Language & Culture (Session I),Salamanca,Spain,Europe,view program brochure,No
IES Abroad Salamanca Summer – Language & Culture (Session II),Salamanca,Spain,Europe,view program brochure,No
"IES Abroad San Jose – Social, Economic & Environmental Change",San Jose,Costa Rica,Central America,view program brochure,No
IES Abroad Santiago – Health Studies,Santiago,Chile,South America,view program brochure,No
IES Abroad Santiago - Study in Santiago,Santiago,Chile,South America,view program brochure,No
IES Abroad Santiago Summer - Health Studies,Santiago,Chile,South America,view program brochure,No
IES Abroad Shanghai - Business in China,Shanghai,China,Asia,view program brochure,No
"IES Abroad Shanghai - Economy, Business & Society",Shanghai,China,Asia,view program brochure,No
IES Abroad Siena - Business & Economics of Italian Food & Wine,Siena,Italy,Europe,view program brochure,No
IES Abroad Siena â?? Study in Tuscany,Siena,Italy,Europe,view program brochure,No
IES Abroad Siena Summer - Tradition & Cuisine in Tuscany,Siena,Italy,Europe,view program brochure,No
IES Abroad Sydney Direct Enrollment - Macquarie University,Sydney,Australia,Australia/Pacific Islands,view program brochure,No
IES Abroad Sydney Direct Enrollment - University of New South Wales,Sydney,Australia,Australia/Pacific Islands,view program brochure,No
IES Abroad Sydney Direct Enrollment - University of Sydney,Sydney,Australia,Australia/Pacific Islands,view program brochure,No
IES Abroad Sydney Summer - Internship,Sydney,Australia,Australia/Pacific Islands,view program brochure,No
IES Abroad Tokyo - Language & Culture,Tokyo,Japan,Asia,view program brochure,Yes
IES Abroad Tokyo - Language Intensive,Tokyo,Japan,Asia,view program brochure,No
IES Abroad Tokyo Summer,Tokyo,Japan,Asia,view program brochure,No
IES Abroad Vienna - European Society & Culture,Vienna,Austria,Europe,view program brochure,No
IES Abroad Vienna - Music,Vienna,Austria,Europe,view program brochure,No
IES Abroad Vienna Summer - Music History & Performance,Vienna,Austria,Europe,view program brochure,No
IES Abroad Vienna Summer - Psychology,Vienna,Austria,Europe,view program brochure,No
Star iconIES Abroad Virtual World DiscoverIES,Rochester,United States,North America,view program brochure,No
iGem Team,Paris,France,Europe,view program brochure,No
Star iconIndependent Study (Abroad),Multiple,Multiple,Multiple,view program brochure,No
Star iconInstitut Teknologi Bandung (GE3 - Engineering),Bandung,Indonesia,Asia,view program brochure,Yes
Intercollegiate Center for Classical Studies in Rome (ICCS),Rome,Italy,Europe,view program brochure,No
International University of Japan (Simon),Nigata,Japan,Asia,view program brochure,No
Star iconIRES: Collaborative Research to Yield Stimulating Transnational Activities in Lattice Dynamics (CRYSTAL Dynamics),Milan,Italy,Europe,view program brochure,No
,Turin,Italy,Europe,,
Star iconIslamic Monuments of Spain (Faculty Led),Granada,Spain,Europe,view program brochure,No
,Sevilla,Spain,Europe,,
,Cordoba,Spain,Europe,,
ITMO and MEPhi Optics Summer Research Program (Faculty Led),Moscow,Russia,Europe,view program brochure,No
,St Petersburg,Russia,Europe,,
Star iconJagiellonian University (Exchange),Krakow,Poland,Europe,view program brochure,Yes
John Moslon International Case Competition (Simon),Montreal,Canada,North America,view program brochure,No
Star iconKAIST - Korea Advanced Institute of Science & Technology (GE3 - Engineering),Daejeon,South Korea,Asia,view program brochure,Yes
Katholieke Universiteit (Simon),Leuven,Belgium,Europe,view program brochure,No
Star iconKhalifa University of Science and Technology (GE3 - Engineering),Abu Dhabi,United Arab Emirates,Middle East,view program brochure,Yes
Kingston University,London,United Kingdom,Europe,view program brochure,Yes
Star iconKoç University,Istanbul,Turkey,Middle East,view program brochure,Yes
Star iconKyoto University (Exchange),Kyoto,Japan,Asia,view program brochure,Yes
La Salle - Universitat Ramon Llull,Barcelona,Spain,Europe,view program brochure,Yes
Star iconLatin Epigraphy in Rome (Faculty Led),Rome,Italy,Europe,view program brochure,No
Linguistics Research Abroad,Durban,South Africa,Africa,view program brochure,No
Star iconLisio Italian Studies: Florence Creative Writing Workshop,Florence,Italy,Europe,view program brochure,Yes
"Star iconLisio Studies: Sustainability, Food, and Local Cultures",Bra,Italy,Europe,view program brochure,Yes
,Arezzo,Italy,Europe,,
,Naples,Italy,Europe,,
Star iconLund University (GE3 - Engineering),Lund,Sweden,Europe,view program brochure,Yes
Star iconLV Prasad Eye Institute Summer Research Experience (LVPEI) (Faculty Led),Hyderabad,India,Asia,view program brochure,No
Mahidol University International College (MUIC),Salaya,Thailand,Asia,view program brochure,Yes
Star iconMalawi Immersion Seminar (Faculty Led),Gowa,Malawi,Africa,view program brochure,No
Medical Rotation – Non-Rochester Program,Multiple,Multiple,Multiple,view program brochure,No
Star iconMeiji Gakuin University (Exchange),Tokyo,Japan,Asia,view program brochure,Yes
Men’s Varsity Squash,Barcelona,Spain,Europe,view program brochure,No
Men's Basketball Tour (Athletics and Recreation),Madrid,Spain,Europe,view program brochure,No
,Toledo,Spain,Europe,,
,Valencia,Spain,Europe,,
,Barcelona,Spain,Europe,,
Men's Soccer Team,Multiple,Multiple,Multiple,view program brochure,No
MKT 442X (Simon),Milan,Italy,Europe,view program brochure,No
MKT 449: Global Marketing Strategy in Brazil,Sao Paulo,Brazil,South America,view program brochure,No
,Rio de Janeiro,Brazil,South America,,
Model UN,Toronto,Canada,North America,view program brochure,No
Star iconNanyang Technological University (Exchange),Singapore,Singapore,Asia,view program brochure,Yes
Nanyang Technological University - Summer Program,Singapore,Singapore,Asia,view program brochure,Yes
Star iconNational Cheng Kung University (NCKU) (Exchange),Tainan,Taiwan,Asia,view program brochure,No
National Chiao Tung University (NCTU) Summer Program,Hsinchu,Taiwan,Asia,view program brochure,No
Non-Rochester Program (Non-Credit),Multiple,Multiple,Multiple,view program brochure,Yes
Non-Rochester SMD Student Travel (Credit-Bearing Elective),Multiple,Multiple,Multiple,view program brochure,Yes
Non-Rochester SMD Student Travel (Non-Credit),Multiple,Multiple,Multiple,view program brochure,Yes
Non-Rochester Study Abroad Program,Multiple,Multiple,Multiple,view program brochure,Yes
Non-Rochester Summer Program,Multiple,Multiple,Multiple,view program brochure,Yes
Star iconPagans and Christians in Rome,Rome,Italy,Europe,view program brochure,No
"Star iconPilgrimage (Salamanca, Spain; Camino de Santiago) (Faculty Led)",Salamanca,Spain,Europe,view program brochure,No
Pilgrimage/Exhibition/Biennale,Venice,Italy,Europe,view program brochure,No
Star iconPontificia Universidad Catolica del Peru (PUCP) - (Virtual Program),Rochester,United States,North America,view program brochure,No
Star iconPontificia Universidad Catolica del Peru (PUCP) Peru (Exchange),Lima,Peru,South America,view program brochure,No
Star iconPOSTECH (Pohang University of Science & Technology) (GE3 - Engineering),Pohang-si,South Korea,Asia,view program brochure,Yes
Star iconProcida: Summer Service Learning - Lisio Italian Studies Program (Faculty Led),Procida,Italy,Europe,view program brochure,No
Queen Mary University of London,London,United Kingdom,Europe,view program brochure,Yes
Queen Mary University of London Summer School,London,United Kingdom,Europe,view program brochure,Yes
Star iconROC Galapagos (Faculty Led),Galapagos,Ecuador,South America,view program brochure,No
,Quito,Ecuador,South America,,
Rothberg International School - Summer Program,Jerusalem,Israel,Middle East,view program brochure,No
Rothberg International School - Undergraduate Study Abroad Program,Jerusalem,Israel,Middle East,view program brochure,No
Star iconRussian in Estonia (Faculty Led),Tallinn,Estonia,Europe,view program brochure,No
Star iconRussian in Russia (Faculty Led),Saint Petersburg,Russia,Europe,view program brochure,No
Star iconSacred Spaces in Greece (Faculty Led),Athens,Greece,Europe,view program brochure,No
Star iconSan Martino Archaeological Field School (Faculty Led),Torano di Borgorose,Italy,Europe,view program brochure,No
Star iconSeoul National University (Exchange),Seoul,South Korea,Asia,view program brochure,Yes
Seoul National University - International Summer Program,Seoul,South Korea,Asia,view program brochure,Yes
Star iconShandong University (Exchange),Jinan,China,Asia,view program brochure,No
Shandong University International Summer School,Jinan,China,Asia,view program brochure,No
Sigma Chi,Don Juan,Dominican Republic,Latin America,view program brochure,No
,Santo Domingo,Dominican Republic,Central America,,
Simon Career Ctr. Ng Trek (Simon),Shanghai,China,Asia,view program brochure,No
,Beijing,China,Asia,,
Simon CMC international Trek,Hong Kong,China,Asia,view program brochure,No
,Shanghai,China,Asia,,
SMD Medical Research - Full Year,Multiple,Multiple,Multiple,view program brochure,Yes
SMD Medical Research - Summer,Multiple,Multiple,Multiple,view program brochure,No
SMD Student Travel (Credit-Bearing Elective),Multiple,Multiple,Multiple,view program brochure,Yes
Star iconSmith's Island Archaeology Project,Smith's Island,Bermuda,North America,view program brochure,No
Sogang University,Seoul,South Korea,Asia,view program brochure,Yes
Star iconSolomon Islands Field Course (Faculty Led),Makira Island,Solomon Islands,Australia/Pacific Islands,view program brochure,No
Star iconSpanish in Spain (Faculty Led),Granada,Spain,Europe,view program brochure,No
Star iconSpectacle and Festival in Ancient Rome (CLST/RELC XXX),Rome,Italy,Europe,view program brochure,No
STR 443X (Simon),Singapore,Singapore,Asia,view program brochure,No
STR443X - Singapore Immersion (Simon),Singapore,Singapore,Asia,view program brochure,No
Strong Jugglers,Quebec City,Canada,North America,view program brochure,No
Student Travel Proposal (Final Name TBD),Multiple,Multiple,Multiple,view program brochure,No
Students Helping Honduras,El Progreso,Honduras,Central America,view program brochure,No
Study Abroad General,Multiple,Multiple,Multiple,view program brochure,No
Study in Portugal Network (SiPN),Lisbon,Portugal,Europe,view program brochure,No
Study Local in China,Rochester,United States,North America,view program brochure,No
Star iconSummer Arts in Italy: Arezzo,Arezzo,Italy,Europe,view program brochure,No
Star iconSummer in Ghana (Faculty Led),Accra,Ghana,Africa,view program brochure,No
Summer in Hong Kong,Hong Kong,China,Asia,view program brochure,No
Star iconSummer in Korea (Faculty Led),Seoul,South Korea,Asia,view program brochure,Yes
"Star iconSummer Lab in Hangzhou, China (Faculty Led)",Hangzhou,China,Asia,view program brochure,No
Star iconSummer Program in Krakow (Jagiellonian University) (Faculty Led),Krakow,Poland,Europe,view program brochure,No
Summer Research at Chinese University of Hong Kong,Hong Kong,China,Asia,view program brochure,No
Summer Research at Universidad de las Americas Puebla,San Andres Cholula,Mexico,Central America,view program brochure,No
Summer Undergraduate Research Programme (SURP) at Chinese University Hong Kong,Hong Kong,China,Asia,view program brochure,Yes
Star iconTechnion - Israel Institute of Technology (Engineering),Haifa,Israel,Middle East,view program brochure,No
Star iconTecnológico de Monterrey (GE3 - Engineering),Monterrey,Mexico,North America,view program brochure,Yes
Test program,Rochester,United States,North America,view program brochure,No
Test Program (Areas of Study),Rochester,United States,North America,view program brochure,No
Test Program for Ted,Tokyo,Japan,Asia,view program brochure,No
test program number 1000,Rochester,United States,North America,view program brochure,No
The GREEN Program - Iceland Renewable Energy & Sustainability,Reykjavik,Iceland,Europe,view program brochure,No
The Intern Group: Global Internship and Cultural Immersion Program (Dublin),Dublin,Ireland,Europe,view program brochure,Yes
The Intern Group: Global Internship and Cultural Immersion Program (London),London,United Kingdom,Europe,view program brochure,Yes
The Intern Group: Global Internship and Cultural Immersion Program (Madrid),Madrid,Spain,Europe,view program brochure,Yes
The Intern Group: Global Internship and Cultural Immersion Program (Melbourne),Melbourne,Australia,Australia/Pacific Islands,view program brochure,Yes
Star iconThe Intern Group: Remote Internship Program,Rochester,United States,North America,view program brochure,Yes
Star iconTheatre in England (Faculty Led),London,United Kingdom,Europe,view program brochure,Yes
Star iconTU Delft - Delft University of Technology (GE3 - Engineering),Delft,Netherlands,Europe,view program brochure,No
Universidad del CEMA (Simon),Buenos Aires,Argentina,South America,view program brochure,No
Star iconUniversidad Del País Vasco (GE3 - Engineering),Bilbao,Spain,Europe,view program brochure,Yes
Universidad Panamericana IPADE Business School (Simon),Monterrey,Mexico,North America,view program brochure,Yes
,Mexico City,Mexico,Latin America,,
Star iconUniversiti Teknologi Malaysia (GE3 - Engineering),Kuala Lumpur,Malaysia,Asia,view program brochure,No
,Johor Bahru,Malaysia,Asia,,
Star iconUniversiti Teknologi Petronas,Seri Iskandar,Malaysia,Asia,view program brochure,Yes
University College Dublin,Dublin,Ireland,Europe,view program brochure,Yes
Star iconUniversity of Auckland (Virtual Program),Rochester,United States,North America,view program brochure,No
Star iconUniversity of Bristol (Exchange),Bristol,United Kingdom,Europe,view program brochure,Yes
University of Bristol - Biomedical Sciences Lab Summer School,Bristol,United Kingdom,Europe,view program brochure,No
University of Canterbury,Christchurch,New Zealand,Australia/Pacific Islands,view program brochure,Yes
Star iconUniversity of Lausanne (Exchange),Lausanne,Switzerland,Europe,view program brochure,Yes
Star iconUniversity of Leeds (Exchange),Leeds,United Kingdom,Europe,view program brochure,Yes
University of Leeds International Summer School (Exchange),Leeds,United Kingdom,Europe,view program brochure,Yes
Star iconUniversity of Liverpool (Exchange),Liverpool,United Kingdom,Europe,view program brochure,No
Star iconUniversity of Macau (Exchange),macau,Macao,Asia,view program brochure,No
Star iconUniversity of Melbourne (GE3 - Engineering),Melbourne,Australia,Australia/Pacific Islands,view program brochure,Yes
Star iconUniversity of Michigan - Shanghai Jiao Tong University Joint Institute (GE3 - Engineering),Shanghai,China,Asia,view program brochure,No
Star iconUniversity of Navarra (Exchange),Pamplona,Spain,Europe,view program brochure,No
Star iconUniversity of New South Wales (GE3 - Engineering),Sydney,Australia,Australia/Pacific Islands,view program brochure,No
University of Newcastle,Callaghan,Australia,Oceania,view program brochure,Yes
Star iconUniversity of Newcastle (GE3 - Engineering),Newcastle,Australia,Australia/Pacific Islands,view program brochure,Yes
University of Nicosia - Summer in Cyprus,Nicosia,Cyprus,Middle East,view program brochure,No
University of Nicosia - Summer in Cyprus: 8 Weeks,,,,view program brochure,No
University of Nicosia Global Semesters | Semester in Cyprus,Nicosia,Cyprus,Middle East,view program brochure,Yes
University of Nicosia Global Semesters | Summer in Cyprus: Digital Currency & Blockchain Technology,Nicosia,Cyprus,Middle East,view program brochure,No
University of Nicosia Global Semesters | Summer in Cyprus: Engineering,Nicosia,Cyprus,Middle East,view program brochure,No
University of Nicosia Global Semesters | Summer in Cyprus: Geology,Nicosia,Cyprus,Middle East,view program brochure,No
University of Nicosia Global Semesters | Summer in Cyprus: Health Management,Nicosia,Cyprus,Middle East,view program brochure,No
University of Nicosia Global Semesters | Summer in Cyprus: Int'l Accounting,Nicosia,Cyprus,Middle East,view program brochure,No
University of Nicosia Global Semesters | Summer in Cyprus: Int'l Marketing,Nicosia,Cyprus,Middle East,view program brochure,No
University of Nicosia Global Semesters | Summer in Cyprus: Int'l Relations,Nicosia,Cyprus,Middle East,view program brochure,No
University of Nicosia Global Semesters | Summer in Cyprus: Pre-Med,Nicosia,Cyprus,Middle East,view program brochure,No
Star iconUniversity of Rennes 1 - Economics (Exchange),Rennes,France,Europe,view program brochure,Yes
Star iconUniversity of Sheffield (GE3 - Engineering),Sheffield,United Kingdom,Europe,view program brochure,Yes
Star iconUniversity of Southampton (Exchange),Southampton,United Kingdom,Europe,view program brochure,No
Star iconUniversity of Sussex (Exchange),Brighton,United Kingdom,Europe,view program brochure,Yes
University of Sydney - Spring Friendly,Sydney,Australia,Australia/Pacific Islands,view program brochure,Yes
University of Sydney - Summer/Winter School,Sydney,Australia,Australia/Pacific Islands,view program brochure,No
University of Sydney and New South Wales (Simon),Sydney,Australia,Australia/Pacific Islands,view program brochure,No
,New South Wales,Australia,Australia/Pacific Islands,,
Star iconUniversity of Sydney Exchange - Direct Enrollment (Exchange),Sydney,Australia,Australia/Pacific Islands,view program brochure,Yes
Star iconUniversity of Twente (GE3 - Engineering),Enschede,Netherlands,Europe,view program brochure,Yes
Star iconUniversity of Western Australia - UWA (Exchange),Perth,Australia,Australia/Pacific Islands,view program brochure,Yes
Star iconUniversity of York (Exchange),York,United Kingdom,Europe,view program brochure,Yes
University of York - Summer School,York,United Kingdom,Europe,view program brochure,Yes
University Scholars Leadership Symposium,Kuala Lumpur,Malaysia,Asia,view program brochure,No
Star iconUppsala University (Exchange),Uppsala,Sweden,Europe,view program brochure,No
UR Christian Fellowship,Mexicali,Mexico,Latin America,view program brochure,No
UR Debate Union,Panama City,Panama,Central America,view program brochure,No
,Multiple,Multiple,Multiple,,
UR Golf,Edinburgh,United Kingdom,Europe,view program brochure,No
UR HOPE Alliance,Odisha,India,Asia,view program brochure,No
UR Volleyball,San Juan,Puerto Rico,North America,view program brochure,No
Star iconVictoria University of Wellington (Exchange),Wellington,New Zealand,Australia/Pacific Islands,view program brochure,Yes
Star iconWaseda University (Exchange),Tokyo,Japan,Asia,view program brochure,Yes
Waseda University - Summer Session,Tokyo,Japan,Asia,view program brochure,Yes
WHU Otto Beisheim School of Management (Simon),Valiendar,Germany,Europe,view program brochure,No
Women's Basketball (Athletics and Recreation),Bridgetown,Barbados,Latin America,view program brochure,No
,San Juan,Puerto Rico,North America,,
Women's Soccer,San Jose,Costa Rica,Central America,view program brochure,No
,Puntarenas,Costa Rica,Central America,,
,Nuevo Arenal,Costa Rica,Central America,,
,Quepos,Costa Rica,Central America,,
,Toronto,Canada,North America,,
,Lisbon,Portugal,Europe,,
,Faro,Portugal,Europe,,
Worldwide Universities Network (WUN) - University of Alberta Summer Research,Edmonton,Canada,North America,view program brochure,No
Worldwide Universities Network (WUN) - University of Ghana Summer School,Legon,Ghana,Africa,view program brochure,No
Worldwide Universities Network (WUN) AGM Conference Student Delegate - University College Dublin,Dublin,Ireland,Europe,view program brochure,No
Star iconYonsei University (Exchange),Seoul,South Korea,Asia,view program brochure,Yes
Yonsei University - International Summer School,Seoul,South Korea,Asia,view program brochure,Yes
Z_OLD_EES - Garzione -China,,,,view program brochure,No
Z_OLD_EES - Tarduno Archeo,,,,view program brochure,No
Z_OLD_EPA Internships in Europe: Bonn Summer Program,Bonn,Germany,Europe,view program brochure,No
Star iconZ_OLD_Queen Mary University of London,London,United Kingdom,Europe,view program brochure,No
Z_OLD_Technion Israel Institute of Technology,Haifa,Israel,Middle East,view program brochure,No
Star iconZ_OLD_University of New South Wales (UNSW) Exhange - Direct Enrollment,Sydney,Australia,Australia/Pacific Islands,view program brochure,No
Z_OLD_University of Nicosia - Semester in Cyprus,Amsterdam,Netherlands,Europe,view program brochure,No
,Berlin,Germany,Europe,,
,Brussels,Belgium,Europe,,
,Dresden,Germany,Europe,,
,Paris,France,Europe,,
,Prague,Czech Republic,Europe,,
,Salzburg,Austria,Europe,,
,Strasbourg,France,Europe,,
,Vienna,Austria,Europe,,
"Z_OLD_University of York - CHE 392: Energy, Sustainability and Society",York,United Kingdom,Europe,view program brochure,No
Z-OLD_Advanced Studies in England Summer,Bath,United Kingdom,Europe,view program brochure,No